Aggregated Freyja results,,,,,,,
Sample,summarized,lineages,abundances,resid,coverage,primary lineage,primary lineage percentage
UT-UPHL-240124124876,"[('EG.5* [Omicron (EG.5.X)]', 0.9972346519079114)]",HV.1 HV.1.2,0.99485786 0.00237679,15.669704572918134,100,HV.1,0.99485786
UT-UPHL-240124217603,"[('BA.2.86* (BA.2.86.X)', 0.9923230591816056)]",JN.1.4.5,0.99232306,17.937072967074208,100,JN.1.4.5,0.99232306
UT-UPHL-240124288971,"[('BA.2.86* (BA.2.86.X)', 0.9904998309345953)]",JN.1.4.9,0.99049983,16.354058108601855,99.95652610106009,JN.1.4.9,0.99049983
UT-UPHL-240124304140,"[('EG.5* [Omicron (EG.5.X)]', 0.9962108605888046)]",HV.1.2,0.99621086,17.055665617192904,100,HV.1.2,0.99621086
UT-UPHL-240124309144,"[('XBB.1.16* [Omicron (XBB.1.16.X)]', 0.9963631454039287)]",XBB.1.16.6,0.99636315,16.858941858830203,99.94314951677089,XBB.1.16.6,0.99636315
UT-UPHL-240124380152,"[('XBB.1.16* [Omicron (XBB.1.16.X)]', 0.9975185557044218)]",XBB.1.16.15,0.99751856,17.639754788223733,99.92977293,XBB.1.16.15,0.99751856
UT-UPHL-240124525108,"[('XBB.2.3* (XBB.2.3.X)', 0.9970256012321892)]",GJ.1.2.2,0.9970256,18.231005586216757,100,GJ.1.2.2,0.9970256
UT-UPHL-240124547518,"[('XBB.1.5* [Omicron (XBB.1.5.X)]', 0.9946217226933245)]",JD.1.1.7 JD.1.1,0.85918141 0.13544031,17.129667199531767,99.98662342,JD.1.1.7,0.85918141
UT-UPHL-240124573433,"[('XBB.1.9.1* [Omicron (XBB.1.9.1.X)]', 0.9962131133949476)]",HN.1,0.99621311,19.304519652157154,100,HN.1,0.99621311
UT-UPHL-240124579148,"[('BA.2.86* (BA.2.86.X)', 0.9896268259175516)]",JN.1.4.5,0.98962683,23.23843488614844,100,JN.1.4.5,0.98962683
UT-UPHL-240124582725,"[('BA.2.86* (BA.2.86.X)', 0.9944391310183163)]",JN.13 JN.7 JN.15,0.98694640 0.00386695 0.00362578,19.389624478656202,100,JN.13,0.9869464
UT-UPHL-240124592462,"[('BA.2.86* (BA.2.86.X)', 0.9963200282862301)]",JN.1.1.9,0.99632003,21.392297680098125,100,JN.1.1.9,0.99632003
UT-UPHL-240124601540,"[('EG.5* [Omicron (EG.5.X)]', 0.9975938690585178)]",HK.26,0.99759387,13.866187213786596,100,HK.26,0.99759387
UT-UPHL-240124613159,"[('XBB.1.16* [Omicron (XBB.1.16.X)]', 0.9978134178846896)]",JF.1.1.2,0.99781342,15.118552010171175,99.95318195,JF.1.1.2,0.99781342
UT-UPHL-240124677630,"[('EG.5* [Omicron (EG.5.X)]', 0.9972879534321121)]",HV.1,0.99728795,21.219750500075918,100,HV.1,0.99728795
UT-UPHL-240124724165,"[('EG.5* [Omicron (EG.5.X)]', 0.9966125331340902)]",HV.1.2,0.99661253,14.864490623280897,100,HV.1.2,0.99661253
UT-UPHL-240124869327,"[('EG.5* [Omicron (EG.5.X)]', 0.9973214240487497)]",HV.1.2 HV.1.8,0.99567137 0.00165006,15.987845429188793,99.96990269,HV.1.2,0.99567137
UT-UPHL-240124954752,"[('EG.5* [Omicron (EG.5.X)]', 0.9947348278753698)]",HK.24.1 HK.33 HK.20,0.99227334 0.00134104 0.00112044,20.45398436826175,100,HK.24.1,0.99227334
UT-UPHL-240207123159,"[('BA.2.86* (BA.2.86.X)', 0.992738115414954)]",JN.1.36 JN.1.3 JN.1.44 JN.1.10,0.98776806 0.00234450 0.00140459 0.00122096,18.486369888706818,99.94314951677089,JN.1.36,0.98776806
UT-UPHL-240207135307,"[('BA.2.86* (BA.2.86.X)', 0.9934466181784621)]",JN.1.4.5,0.99344662,17.779284992427794,100,JN.1.4.5,0.99344662
UT-UPHL-240207141507,"[('BA.2.86* (BA.2.86.X)', 0.9853249827088358)]",JN.1.36 JN.1.44 JN.1.51,0.98154283 0.00252664 0.00125551,16.194711529042145,100,JN.1.36,0.98154283
UT-UPHL-240207150620,"[('BA.2.86* (BA.2.86.X)', 0.9859635340126012)]",JN.1 JN.1.35 JN.1.44 JN.1.23 JN.1.67,0.97946053 0.00257144 0.00167228 0.00122191 0.00103737,22.302019916023227,100,JN.1,0.97946053
UT-UPHL-240207159875,"[('BA.2.86* (BA.2.86.X)', 0.9863245675629451)]",JN.1.1 JN.1.6 JN.1.44,0.98334247 0.00152270 0.00145941,18.87277253472565,100,JN.1.1,0.98334247
UT-UPHL-240207168187,"[('BA.2.86* (BA.2.86.X)', 0.9946484917024994)]",JN.1.19,0.99464849,19.23621698609496,99.97659098,JN.1.19,0.99464849
UT-UPHL-240207205303,"[('BA.2.86* (BA.2.86.X)', 0.9959783875028533)]",JN.1.4.5,0.99597839,16.63600412949272,100,JN.1.4.5,0.99597839
UT-UPHL-240207213892,"[('BA.2.86* (BA.2.86.X)', 0.9890171804038793)]",JN.1.6 JN.1 JN.1.44 JN.1.51 JN.1.56,0.96593273 0.01801721 0.00219154 0.00177013 0.00110557,16.993649005276737,100,JN.1.6,0.96593273
UT-UPHL-240207214721,"[('BA.2.86* (BA.2.86.X)', 0.9951018278871482)]",JN.1.4.9,0.99510183,17.193505726265077,99.97993512,JN.1.4.9,0.99510183
UT-UPHL-240207268817,"[('BA.2.86* (BA.2.86.X)', 0.9894267590524035)]",JN.1.9 JN.1.4.5 JN.1.4 JN.1.4.1,0.85616211 0.08988689 0.04153273 0.00184502,20.373455343546997,99.98996756,JN.1.9,0.85616211
UT-UPHL-240207285691,"[('BA.2.86* (BA.2.86.X)', 0.9937313975111834)]",JN.1.4.5,0.9937314,22.393426978156835,100,JN.1.4.5,0.9937314
UT-UPHL-240207302938,"[('BA.2.86* (BA.2.86.X)', 0.9931433197476592)]",JN.1.4.5,0.99314332,16.818879074043437,99.94314951677089,JN.1.4.5,0.99314332
UT-UPHL-240207324213,"[('BA.2.86* (BA.2.86.X)', 0.9882942632589172)]",JN.1.36 JN.1.44,0.98524626 0.00304800,18.96283998712866,99.98996756,JN.1.36,0.98524626
UT-UPHL-240207354916,"[('EG.5* [Omicron (EG.5.X)]', 0.9965506370588488)]",HV.1,0.99655064,18.75353362,100,HV.1,0.99655064
UT-UPHL-240207379719,"[('BA.2.86* (BA.2.86.X)', 0.9919164664987383)]",JN.1 JN.1.44 JN.1.46 JN.1.3 JN.1.13,0.98402771 0.00303243 0.00265333 0.00110952 0.00109347,22.11522657,99.90970805604789,JN.1,0.98402771
UT-UPHL-240207381263,"[('BA.2.86* (BA.2.86.X)', 0.9961715032776957)]",JN.1.4.5,0.9961715,18.82151942,100,JN.1.4.5,0.9961715
UT-UPHL-240207447394,"[('BA.2.86* (BA.2.86.X)', 0.9930633546214118)]",JN.1.42,0.99306335,17.607047583227292,100,JN.1.42,0.99306335
UT-UPHL-240207487206,"[('XBB.1.5* [Omicron (XBB.1.5.X)]', 0.9961689364455217)]",JD.1.1.7 JD.1.1,0.70124900 0.29491993,13.633176213244983,99.93311707855399,JD.1.1.7,0.701249
UT-UPHL-240207499241,"[('XBB.1.5* [Omicron (XBB.1.5.X)]', 0.9970849979694125)]",JD.1.1.7 JD.1.1.2,0.99521114 0.00187386,15.967378901136506,100,JD.1.1.7,0.99521114
UT-UPHL-240207530727,"[('BA.2.86* (BA.2.86.X)', 0.9938744116515019)]",JN.1.1.2,0.99387441,22.32642184616335,99.94314951677089,JN.1.1.2,0.99387441
UT-UPHL-240207532640,"[('BA.2.86* (BA.2.86.X)', 0.9946543267301986)]",JN.1.4.3,0.99465433,19.69788826152325,100,JN.1.4.3,0.99465433
UT-UPHL-240207572380,"[('BA.2.86* (BA.2.86.X)', 0.990316796605082)]",JN.1.36 JN.1.44 JN.1.51,0.98594142 0.00329296 0.00108242,16.44490258528473,99.94649366,JN.1.36,0.98594142
UT-UPHL-240207594676,"[('BA.2.86* (BA.2.86.X)', 0.9910721247675945)]",JN.1.4,0.99107212,20.18230016283171,100,JN.1.4,0.99107212
UT-UPHL-240207636500,"[('EG.5* [Omicron (EG.5.X)]', 0.9961151639622721)]",HK.17 HK.28,0.99500358 0.00111158,20.851357138633404,100,HK.17,0.99500358
UT-UPHL-240207648366,"[('BA.2.86* (BA.2.86.X)', 0.9966314055933163)]",JN.1.29,0.99663141,17.62148514330163,99.98327927,JN.1.29,0.99663141
UT-UPHL-240207658810,"[('BA.2.86* (BA.2.86.X)', 0.9876138813237456)]",JN.1 JN.1.44 JN.1.47.1,0.98386104 0.00274876 0.00100408,17.582490812040568,100,JN.1,0.98386104
UT-UPHL-240207702661,"[('BA.2.86* (BA.2.86.X)', 0.9910210613099262)]",JN.1 JN.1.35,0.98939273 0.00162833,16.933542119047914,99.94314951677089,JN.1,0.98939273
UT-UPHL-240207709838,"[('BA.2.86* (BA.2.86.X)', 0.9962760332281354)]",JN.1.4.5,0.99627603,19.624096718840917,100,JN.1.4.5,0.99627603
UT-UPHL-240207726835,"[('XBB.1.16* [Omicron (XBB.1.16.X)]', 0.9982012399190768)]",JF.1.1.2,0.99820124,14.008159875043578,99.99665585,JF.1.1.2,0.99820124
UT-UPHL-240207765559,"[('BA.2.86* (BA.2.86.X)', 0.99714620827817)]",JN.1.1.4,0.99714621,16.368614356789138,99.99665585,JN.1.1.4,0.99714621
UT-UPHL-240207794398,"[('BA.2.86* (BA.2.86.X)', 0.9904979957717682)]",JN.1.2 JN.1.44 JN.1.51 JN.1.56,0.98613092 0.00221521 0.00107954 0.00107233,17.152465633301375,99.94314951677089,JN.1.2,0.98613092
UT-UPHL-240207797602,"[('XBB* (XBB.X)', 0.9964226955378966)]",FY.5.5 FY.5.5.1,0.99370772 0.00271498,16.10087159296966,99.94314951677089,FY.5.5,0.99370772
UT-UPHL-250307134790,"[('BA.2.86* (BA.2.86.X)', 0.9991722308816398)]",NT.5,0.99917223,13.32145649141884,99.82610440424038,NT.5,0.99917223
UT-UPHL-250307138642,"[('LP.8.1* (LP.8.1.X)', 0.9986376008549813)]",LP.8.1 LP.8.1.7,0.87363934 0.12499827,28.70922079568961,99.68230612313145,LP.8.1,0.87363934
UT-UPHL-250307159619,"[('XEC* (XEC.X)', 0.9992868001973004)]",XEC.4.6,0.9992868,15.434348149685027,99.83279269638498,XEC.4.6,0.9992868
UT-UPHL-250307184242,"[('Omicron', 0.9999997807916755)]",XEQ,0.99999978,12.000815516478694,95.91679764572116,XEQ,0.99999978
UT-UPHL-250307191545,"[('BA.2.86* (BA.2.86.X)', 0.9979795386786902)]",MV.1,0.99797954,15.176621278726206,99.83279269638498,MV.1,0.99797954
UT-UPHL-250307219795,"[('KP.3* (KP.3.X)', 0.9975220263879265)]",PG.1,0.99752203,18.892671120853482,99.83279269638498,PG.1,0.99752203
UT-UPHL-250307250151,"[('Omicron', 0.9991799926206801)]",XEQ,0.99917999,16.337883260508804,99.64886466240846,XEQ,0.99917999
UT-UPHL-250307254868,"[('LP.8.1* (LP.8.1.X)', 0.9986031593973135)]",LP.8.1.3 NY.14,0.99757804 0.00102512,15.748211958819482,99.67896197705916,LP.8.1.3,0.99757804
UT-UPHL-250307262641,"[('XEC* (XEC.X)', 0.9939078217469749)]",XEC.38 XEC.37 XEC.18 XEC.36 XEC.35.1,0.94288674 0.04509252 0.00283226 0.00182314 0.00127316,19.83354093627038,99.86289001103569,XEC.38,0.94288674
UT-UPHL-250307274328,"[('Omicron', 0.9987391857862937)]",XEQ,0.99873919,20.863779266155145,99.83279269638498,XEQ,0.99873919
UT-UPHL-250307308974,"[('KP.3.1.1* (KP.3.1.1.X)', 0.9991370117040991)]",PA.1.3,0.99913701,14.598532031539827,99.68565026920376,PA.1.3,0.99913701
UT-UPHL-250307331967,"[('LP.8.1* (LP.8.1.X)', 0.9929065396104353)]",LP.8.1 LP.8.1.12,0.99151842 0.00138812,15.69503359852348,99.83279269638498,LP.8.1,0.99151842
UT-UPHL-250307365532,"[('LP.8.1* (LP.8.1.X)', 0.9972518726103645)]",NY.13,0.99725187,17.36558695779874,99.90301976390329,NY.13,0.99725187
UT-UPHL-250307370982,"[('XEC* (XEC.X)', 0.9954457032884089)]",XEC.20 XEC.25,0.98628375 0.00916196,17.21925941227436,99.86957830318028,XEC.20,0.98628375
UT-UPHL-250307390679,"[('LP.8.1* (LP.8.1.X)', 0.995439267174617)]",LP.8.1 NY.13.1 NY.3,0.99292002 0.00134677 0.00117248,14.588306241252138,99.52847540380564,LP.8.1,0.99292002
UT-UPHL-250307401691,"[('XEC* (XEC.X)', 0.995982145090634)]",XEC.29 XEC.20 XEC.15 XEC.12,0.98467760 0.00613514 0.00286530 0.00230410,16.482521659991015,99.83279269638498,XEC.29,0.9846776
UT-UPHL-250307411979,"[('XEC* (XEC.X)', 0.9944124793844564)]",XEC.36,0.99441248,20.606495952306787,99.77928635922817,XEC.36,0.99441248
UT-UPHL-250307414835,"[('LP.8.1* (LP.8.1.X)', 0.9992492219642369)]",LP.8.1.1 NY.9,0.99742615 0.00182308,13.343497325817458,99.62545563990236,LP.8.1.1,0.99742615
UT-UPHL-250307441687,"[('LP.8.1* (LP.8.1.X)', 0.996703810979816)]",NY.13.1 NY.13 NY.13.2,0.99389853 0.00151830 0.00128698,14.295847774513845,99.83279269638498,NY.13.1,0.99389853
UT-UPHL-250307446159,"[('XEC* (XEC.X)', 0.9992288699100137)]",XEC.4.2,0.99922887,14.58314749700099,98.72253620038123,XEC.4.2,0.99922887
UT-UPHL-250307456796,"[('LP.8.1* (LP.8.1.X)', 0.9999997345800199)]",PD.2,0.99999973,13.663183694350302,99.64886466240846,PD.2,0.99999973
UT-UPHL-250307501177,"[('XEC* (XEC.X)', 0.9982629594297868)]",XEC.9,0.99826296,14.966912423634987,99.76256562886667,XEC.9,0.99826296
UT-UPHL-250307504809,"[('KP.3.1.1* (KP.3.1.1.X)', 0.9990264588836364)]",MC.28.1.1,0.99902646,12.33737137471149,99.52847540380564,MC.28.1.1,0.99902646
UT-UPHL-250307650876,"[('XEC* (XEC.X)', 0.9940639127214107)]",XEC.4,0.99406391,19.495605056724504,99.83279269638498,XEC.4,0.99406391
UT-UPHL-250307664894,"[('LP.8.1* (LP.8.1.X)', 0.9994010344697564)]",NY.13 NY.13.2,0.99167935 0.00772169,12.544299182320259,99.74918904457746,NY.13,0.99167935
UT-UPHL-250307701263,"[('XEC* (XEC.X)', 0.9929839629676115)]",XEC.20 XEC.32.2 XEC.15 XEC.17 XEC.5 XEC.8 XEC.38,0.97775218 0.00665436 0.00328104 0.00154398 0.00146652 0.00118204 0.00110384,17.465091053670825,99.83613684245728,XEC.20,0.97775218
UT-UPHL-250307704821,"[('XEC* (XEC.X)', 0.9884884082192519)]",XEC.25 XEC.36 XEC.15,0.98506033 0.00198651 0.00144157,16.08685008605637,99.93311707855399,XEC.25,0.98506033
UT-UPHL-250307741177,"[('XEC* (XEC.X)', 0.9985113543540762)]",XEC.20 XEC.4,0.99571879 0.00279257,12.832992861272727,97.81292846871551,XEC.20,0.99571879
UT-UPHL-250307752210,"[('LP.8.1* (LP.8.1.X)', 0.9946646027877363)]",LP.8.1.1 LP.8.1.12,0.99231933 0.00234528,16.75905270843653,99.83279269638498,LP.8.1.1,0.99231933
UT-UPHL-250307791438,"[('Omicron', 0.9998471927889381)]",XEQ,0.99984719,12.836357188561413,96.76621074808547,XEQ,0.99984719
UT-UPHL-250307835227,"[('XEC* (XEC.X)', 0.9992022919614744)]",XEC.2.2.1,0.99920229,12.58558387286507,99.64886466240846,XEC.2.2.1,0.99920229
UT-UPHL-250307844892,"[('XEC* (XEC.X)', 0.9995888154924938)]",XEC.2.1,0.99958882,16.19983316510354,98.61886767213991,XEC.2.1,0.99958882
UT-UPHL-250307863497,"[('KP.3.1.1* (KP.3.1.1.X)', 0.9995666939727272)]",MC.10.1.1,0.99956669,21.37844097,99.67896197705916,MC.10.1.1,0.99956669
UT-UPHL-250307865779,"[('XEC* (XEC.X)', 0.9927794004876758)]",XEC.25 XEC.14.1 XEC.15 XEC.18.3,0.98533280 0.00406504 0.00226886 0.00111270,17.929359018092004,99.84951342674648,XEC.25,0.9853328
UT-UPHL-250307871423,"[('LP.8.1* (LP.8.1.X)', 0.9996412067075376)]",PP.2.1,0.99964121,18.01954638273964,99.64217637026385,PP.2.1,0.99964121
UT-UPHL-250307881117,"[('Omicron', 0.9984328986570672)]",XEQ,0.9984329,19.957589608911167,99.77928635922817,XEQ,0.9984329
UT-UPHL-250307937662,"[('KP.3.1.1* (KP.3.1.1.X)', 0.9975479969897614)]",MC.2.1,0.997548,21.373474722773196,99.84616928067418,MC.2.1,0.997548
UT-UPHL-250328004618,"[('XEC* (XEC.X)', 0.98442158491498)]",XEC.25 XEC.15 XEC.36,0.97694318 0.00573888 0.00173952,16.517376806579456,99.86289001103569,XEC.25,0.97694318
UT-UPHL-250328021468,"[('XEC* (XEC.X)', 0.9958386862372824)]",XEC.5 XEC.3,0.99379790 0.00204079,9.587001374671939,99.56860515667324,XEC.5,0.9937979
UT-UPHL-250328073349,"[('LP.8.1* (LP.8.1.X)', 0.9918801404358039)]",LP.8.1 LP.8.1.12 NY.9 PP.2.1,0.98057015 0.00750585 0.00238971 0.00141444,17.96165137352599,99.83279269638498,LP.8.1,0.98057015
UT-UPHL-250328081009,"[('KP.3.1.1* (KP.3.1.1.X)', 0.9945729678298917)]",MC.42 MC.16,0.99036273 0.00421023,17.234332803044218,99.43483931378123,MC.42,0.99036273
UT-UPHL-250328102207,"[('KP.3.1.1* (KP.3.1.1.X)', 0.9909793517113478)]",MC.2,0.99097935,16.594204061099113,99.83279269638498,MC.2,0.99097935
UT-UPHL-250328107108,"[('BA.2.86* (BA.2.86.X)', 0.9917250805656896)]",JN.1.32 JN.16,0.99000713 0.00171795,26.425079314113013,99.76590977493898,JN.1.32,0.99000713
UT-UPHL-250328141280,"[('BA.2.86* (BA.2.86.X)', 0.9985351260469739)]",PV.3 LF.7.7.1,0.90782586 0.09070927,17.280823289880054,99.83279269638498,PV.3,0.90782586
UT-UPHL-250328154532,"[('LP.8.1* (LP.8.1.X)', 0.9894835415741907)]",LP.8.1 LP.8.1.12,0.98722280 0.00226074,17.709825593158193,99.88295488746948,LP.8.1,0.9872228
UT-UPHL-250328155192,"[('XEC* (XEC.X)', 0.995511474682337)]",XEC.2,0.99551147,12.635473288921041,99.57194930274554,XEC.2,0.99551147
UT-UPHL-250328164431,"[('LP.8.1* (LP.8.1.X)', 0.9890441062442585)]",LP.8.1.1 LP.8.1.12 NY.9 NY.14 NY.13.3,0.98333041 0.00206184 0.00142405 0.00113278 0.00109503,19.542580470213224,99.93980537,LP.8.1.1,0.98333041
UT-UPHL-250328168923,"[('Omicron', 0.9984950905593808)]",XES.1.1,0.99849509,14.800446163636375,99.83948098852957,XES.1.1,0.99849509
UT-UPHL-250328212660,"[('XEC* (XEC.X)', 0.9988166719998757)]",XEC.9,0.99881667,13.631646943753289,99.61876734775775,XEC.9,0.99881667
UT-UPHL-250328230324,"[('LP.8.1* (LP.8.1.X)', 0.9949677701578704)]",LP.8.1 PF.2 LP.8.1.12,0.99032924 0.00296379 0.00167474,13.70703250904867,99.57194930274554,LP.8.1,0.99032924
UT-UPHL-250328257261,"[('Omicron', 0.9981741767505072)]",XES.1.1,0.99817418,17.026988500560705,99.86289001103569,XES.1.1,0.99817418
UT-UPHL-250328292736,"[('KP.3.1.1* (KP.3.1.1.X)', 0.9938832422822612)]",MC.10.1 MC.42 MC.23,0.98646944 0.00616917 0.00124463,16.57434019311531,99.57194930274554,MC.10.1,0.98646944
UT-UPHL-250328294119,"[('LP.8.1* (LP.8.1.X)', 0.9897296237792408)]",LP.8.1.1 NY.14 LP.8.1.12,0.98708915 0.00142950 0.00121098,21.52200800920327,99.86957830318028,LP.8.1.1,0.98708915
UT-UPHL-250328344586,"[('LP.8.1* (LP.8.1.X)', 0.9905283142772531)]",LP.8.1 LP.8.1.12 PF.2.2 LP.8.1.5,0.98144288 0.00580328 0.00189895 0.00138320,16.65854298623867,99.72912416814367,LP.8.1,0.98144288
UT-UPHL-250328386295,"[('LP.8.1* (LP.8.1.X)', 0.9970403665765647)]",PR.2,0.99704037,17.795282721852907,99.70571514563755,PR.2,0.99704037
UT-UPHL-250328390823,"[('LP.8.1* (LP.8.1.X)', 0.9902458438343111)]",LP.8.1.1 LP.8.1.12,0.98846605 0.00177979,15.80003176526781,99.86623415710798,LP.8.1.1,0.98846605
UT-UPHL-250328411364,"[('LP.8.1* (LP.8.1.X)', 0.9914419005455377)]",LP.8.1.1 NY.7 NY.9,0.98678189 0.00262111 0.00203890,15.488844552710592,99.83279269638498,LP.8.1.1,0.98678189
UT-UPHL-250328416382,"[('XEC* (XEC.X)', 0.9948352163919637)]",XEC.20 XEC.13 XEC.40,0.95543963 0.03333367 0.00606191,13.620096795352763,94.54569775607798,XEC.20,0.95543963
UT-UPHL-250328418594,"[('Other', 0.9986333787013187)]",XEK.2,0.99863338,14.266313780922843,98.87636691970705,XEK.2,0.99863338
UT-UPHL-250328420527,"[('BA.2.86* (BA.2.86.X)', 0.9979076211363939)]",LF.7.6.1,0.99790762,20.06692005150179,99.86289001103569,LF.7.6.1,0.99790762
UT-UPHL-250328422211,"[('LP.8.1* (LP.8.1.X)', 0.9955129185729334)]",LP.8.1.3 PF.2,0.99380546 0.00170746,17.056138003844943,99.75587733672207,LP.8.1.3,0.99380546
UT-UPHL-250328423735,"[('LP.8.1* (LP.8.1.X)', 0.9967185304974766)]",LP.8.1.3 LP.8.1.12,0.99545119 0.00126734,17.68008309322648,99.70571514563755,LP.8.1.3,0.99545119
UT-UPHL-250328442211,"[('BA.2.86* (BA.2.86.X)', 0.9962277051197389)]",LF.7.7.2 LF.7.9.5,0.99408001 0.00214769,16.95015900997714,99.80269538173427,LF.7.7.2,0.99408001
UT-UPHL-250328463582,"[('XEC* (XEC.X)', 0.9913594399620503)]",XEC.17 XEC.15 XEC.38 XEC.37 XEC.3 XEC.27 XEC.28,0.97993712 0.00414936 0.00154812 0.00154805 0.00147061 0.00142163 0.00128456,16.612941312634607,99.80603952780658,XEC.17,0.97993712
UT-UPHL-250328502091,"[('LP.8.1* (LP.8.1.X)', 0.9941866021866912)]",LP.8.1 LP.8.1.12 LP.8.1.3,0.98577720 0.00631873 0.00209067,13.56639637,99.67896197705916,LP.8.1,0.9857772
UT-UPHL-250328504539,"[('XEC* (XEC.X)', 0.9969217985354608)]",XEC.20 XEC.12 XEC XEC.32.2,0.98931654 0.00322568 0.00291325 0.00146633,11.145791293908822,99.52847540380564,XEC.20,0.98931654
UT-UPHL-250328574534,"[('KP.3.1.1* (KP.3.1.1.X)', 0.9984039793826153)]",MC.26.1,0.99840398,18.29644164,99.67561783098685,MC.26.1,0.99840398
UT-UPHL-250328588022,"[('LP.8.1* (LP.8.1.X)', 0.9967226353028484)]",LP.8.1,0.99672264,14.47708845743444,99.81941611209578,LP.8.1,0.99672264
UT-UPHL-250328616516,"[('LP.8.1* (LP.8.1.X)', 0.9927336527475711)]",LP.8.1 LP.8.1.7 LP.8.1.12 LP.8.1.14,0.85291760 0.13513489 0.00273184 0.00194932,12.365909766547592,99.76925392101127,LP.8.1,0.8529176
UT-UPHL-250328617723,"[('XEC* (XEC.X)', 0.9975567575098364)]",XEC.11.1,0.99755676,15.353271619232993,99.81272781995118,XEC.11.1,0.99755676
UT-UPHL-250328618293,"[('BA.2.86* (BA.2.86.X)', 0.9948825760308656)]",PV.3,0.99488258,17.31625013,99.93311707855399,PV.3,0.99488258
UT-UPHL-250328632595,"[('LP.8.1* (LP.8.1.X)', 0.997420003679946)]",LP.8.1.4,0.99742,15.842968818840111,99.57194930274554,LP.8.1.4,0.99742
UT-UPHL-250328640609,"[('LP.8.1* (LP.8.1.X)', 0.9904660144860934)]",LP.8.1 LP.8.1.12,0.98867497 0.00179104,21.457186662309315,99.83279269638498,LP.8.1,0.98867497
UT-UPHL-250328680105,"[('Omicron', 0.9987509869143233)]",XEQ,0.99875099,18.500564015840567,99.56526101060095,XEQ,0.99875099
UT-UPHL-250328704886,"[('XEC* (XEC.X)', 0.9990904901865859)]",XEC.2.2.1,0.99909049,16.779657981815102,99.57194930274554,XEC.2.2.1,0.99909049
UT-UPHL-250328730531,"[('LP.8.1* (LP.8.1.X)', 0.9980950675534033)]",LP.8.1 LP.8.1.11 LP.8.1.16 LP.8.1.14,0.99300359 0.00203252 0.00180503 0.00125392,12.81211348688675,99.57194930274554,LP.8.1,0.99300359
UT-UPHL-250328744110,"[('XEC* (XEC.X)', 0.996240662947166)]",XEC.20 XEC.25 XEC.16 XEC.15,0.84730494 0.14285701 0.00507619 0.00100253,14.439367602104618,99.53181954987794,XEC.20,0.84730494
UT-UPHL-250328761162,"[('Omicron', 0.9986961103875327)]",XES.1.1,0.99869611,14.051353984654105,97.74270140119721,XES.1.1,0.99869611
UT-UPHL-250328785520,"[('LP.8.1* (LP.8.1.X)', 0.9949233790287216), ('BA.2.86* (BA.2.86.X)', 0.0015144678946067218)]",LP.8.1 LP.8.1.6 LP.8.1.12 PD.3 KP.2.3,0.97503106 0.01176319 0.00436669 0.00376243 0.00151447,13.896401365771258,99.74584489850517,LP.8.1,0.97503106
UT-UPHL-250328804444,"[('XEC* (XEC.X)', 0.9929789190963221)]",XEC.8 XEC.36,0.99138978 0.00158914,13.706054357996251,99.83279269638498,XEC.8,0.99138978
UT-UPHL-250328807183,"[('KP.3.1.1* (KP.3.1.1.X)', 0.9950659279760342)]",MC.31,0.99506593,20.603557166452074,99.76925392101127,MC.31,0.99506593
UT-UPHL-250328843365,"[('BA.2.86* (BA.2.86.X)', 0.9971481923642123)]",LF.7.7.2 LF.7.7,0.99277862 0.00436957,19.051673054054298,97.93331772731833,LF.7.7.2,0.99277862
UT-UPHL-250328872024,"[('XEC* (XEC.X)', 0.9848881345442659)]",XEC.5 XEC.15 XEC.10,0.97608608 0.00557621 0.00322585,19.270384719309078,99.83279269638498,XEC.5,0.97608608
UT-UPHL-250328921186,"[('KP.3.1.1* (KP.3.1.1.X)', 0.9935459546227452)]",MC.21.1,0.99354595,16.372362346097624,99.83279269638498,MC.21.1,0.99354595
UT-UPHL-250328932628,"[('Omicron', 0.9971370068521541)]",XES.1.1,0.99713701,18.95264419057076,99.83279269638498,XES.1.1,0.99713701
UT-UPHL-250328955576,"[('XEC* (XEC.X)', 0.9986730066251396)]",XEC.11.1.1,0.99867301,17.803949284391827,99.86623415710798,XEC.11.1.1,0.99867301
UT-UPHL-250328999046,"[('XEC* (XEC.X)', 0.9884288017025477), ('Other', 0.001031650616206862)]",XEC.20 XEC.32 XEC.15 XEU,0.53177773 0.45352852 0.00312255 0.00103165,20.221266640525684,99.73915660636057,XEC.20,0.53177773
UT-UPHL-250411000775,"[('LP.8.1* (LP.8.1.X)', 0.9921116457611321)]",LP.8.1.1 LP.8.1.12,0.98948766 0.00262398,15.386343669147452,99.86289001103569,LP.8.1.1,0.98948766
UT-UPHL-250411017124,"[('XEC* (XEC.X)', 0.9977826570788106)]",XEC.10 XEC.5 XEC.15 XEC.38 XEC.19 XEC.40 XEC,0.37727271 0.37725886 0.18749994 0.04000746 0.01031140 0.00314454 0.00228774,18.638712168354836,98.85630204327325,XEC.10,0.37727271
UT-UPHL-250411047375,"[('LP.8.1* (LP.8.1.X)', 0.9943651776035634)]",LP.8.1.6 LP.8.1.12 NY.7.1 LP.8.1.5,0.97691050 0.01502593 0.00128556 0.00114319,14.27611186064583,99.83279269638498,LP.8.1.6,0.9769105
UT-UPHL-250411068396,"[('LP.8.1* (LP.8.1.X)', 0.9947439487083327)]",LP.8.1 LP.8.1.12,0.99234525 0.00239869,16.512736439730098,99.83279269638498,LP.8.1,0.99234525
UT-UPHL-250411104473,"[('LP.8.1* (LP.8.1.X)', 0.9969247447777951)]",NY.3,0.99692474,15.416863237302849,99.85954586496338,NY.3,0.99692474
UT-UPHL-250411159127,"[('LP.8.1* (LP.8.1.X)', 0.995441968703244)]",LP.8.1.1,0.99544197,12.290886042659295,99.60204661739625,LP.8.1.1,0.99544197
UT-UPHL-250411169550,"[('Omicron', 0.999729032148159)]",XES.1.1 XES.1,0.99755124 0.00217779,12.983664943168776,99.64552051633615,XES.1.1,0.99755124
UT-UPHL-250411196816,"[('LP.8.1* (LP.8.1.X)', 0.9952209680977102)]",NY.13.1,0.99522097,19.91520120227181,99.83279269638498,NY.13.1,0.99522097
UT-UPHL-250411293822,"[('KP.3.1.1* (KP.3.1.1.X)', 0.9987072781472902)]",PA.3,0.99870728,14.499759909416806,99.71909172992676,PA.3,0.99870728
UT-UPHL-250411351758,"[('LP.8.1* (LP.8.1.X)', 0.9950176803536694)]",LP.8.1.3,0.99501768,34.075210119789574,99.92977293,LP.8.1.3,0.99501768
UT-UPHL-250411414324,"[('XEC* (XEC.X)', 0.9981220160021937)]",XEC.9,0.99812202,13.262108208950833,99.68230612313145,XEC.9,0.99812202
UT-UPHL-250411415053,"[('XEC* (XEC.X)', 0.9999996244658018)]",XEC.11.1,0.99999962,9.884432219130652,96.67257465806107,XEC.11.1,0.99999962
UT-UPHL-250411505017,"[('LP.8.1* (LP.8.1.X)', 0.9939623177537559)]",LP.8.1 LP.8.1.12,0.99098612 0.00297619,20.046024836677965,99.83279269638498,LP.8.1,0.99098612
UT-UPHL-250411574650,"[('BA.2.86* (BA.2.86.X)', 0.9980113964803374)]",PV.3 PV.3.1 PV.1,0.99265886 0.00384636 0.00150618,19.162594059823206,99.81272781995118,PV.3,0.99265886
UT-UPHL-250411596060,"[('BA.2.86* (BA.2.86.X)', 0.9968972359752517)]",LF.7.7.2 LF.7.11,0.99588156 0.00101568,9.437931862,99.57194930274554,LF.7.7.2,0.99588156
UT-UPHL-250411603140,"[('XEC* (XEC.X)', 0.9973613950649737)]",XEC.2,0.9973614,17.841385080108523,99.80938367387887,XEC.2,0.9973614
UT-UPHL-250411646667,"[('LP.8.1* (LP.8.1.X)', 0.9950369078474387)]",LP.8.1 LP.8.1.12,0.99346586 0.00157104,14.840637235354352,99.82276025816807,LP.8.1,0.99346586
UT-UPHL-250411704548,"[('LP.8.1* (LP.8.1.X)', 0.9906627078145123)]",LP.8.1 LP.8.1.12 NY.17,0.98176124 0.00777754 0.00112393,22.253418765550727,99.93311707855399,LP.8.1,0.98176124
UT-UPHL-250411716704,"[('XEC* (XEC.X)', 0.9938337218359007)]",XEC.20 XEC.38 XEC.15,0.99046848 0.00219792 0.00116732,17.254116996592565,99.83279269638498,XEC.20,0.99046848
UT-UPHL-250411729484,"[('LP.8.1* (LP.8.1.X)', 0.9961089823193138)]",NY.2 LP.8.1.1 NY.7 NY.10 LP.8.1.12 NY.13.3 NY.3.1,0.97376100 0.00910829 0.00524874 0.00439797 0.00132090 0.00121840 0.00105367,15.234764350489732,99.66224124669766,NY.2,0.973761
UT-UPHL-250411731529,"[('LP.8.1* (LP.8.1.X)', 0.9962663534453329)]",LP.8.1.3 LP.8.1.12,0.99430395 0.00196241,18.93651718078658,99.83279269638498,LP.8.1.3,0.99430395
UT-UPHL-250411766349,"[('BA.2.86* (BA.2.86.X)', 0.9990811488047643)]",NG.1,0.99908115,13.404022694534554,98.21757014346386,NG.1,0.99908115
UT-UPHL-250411793477,"[('XEC* (XEC.X)', 0.996898076184576)]",XEC.8 XEC.18,0.99118806 0.00571001,11.421450902906411,99.73915660636057,XEC.8,0.99118806
UT-UPHL-250411853419,"[('LP.8.1* (LP.8.1.X)', 0.9917612704394638)]",LP.8.1 LP.8.1.12,0.98866158 0.00309969,19.60386611961774,99.93311707855399,LP.8.1,0.98866158
UT-UPHL-250411893035,"[('LP.8.1* (LP.8.1.X)', 0.997639220201679)]",PD.3,0.99763922,13.989684172157412,99.83279269638498,PD.3,0.99763922
UT-UPHL-250411953004,"[('LP.8.1* (LP.8.1.X)', 0.9913168245603723)]",LP.8.1.1 LP.8.1.12 NY.13.3,0.98865907 0.00149682 0.00116093,19.28934784754937,99.86957830318028,LP.8.1.1,0.98865907
UT-UPHL-250411998655,"[('XEC* (XEC.X)', 0.9968589952887629)]",XEC.5 XEC.15 XEC.34 XEC.3 XEC.24,0.95177231 0.03124987 0.00833329 0.00376887 0.00173466,13.456412246004408,99.69902685349297,XEC.5,0.95177231
UT-UPHL-250418015682,"[('LP.8.1* (LP.8.1.X)', 0.9901723184091973)]",LP.8.1 LP.8.1.12 LP.8.1.16 LP.8.1.3,0.98035257 0.00605958 0.00215822 0.00160196,17.500811896993806,99.86289001103569,LP.8.1,0.98035257
UT-UPHL-250418025824,"[('LP.8.1* (LP.8.1.X)', 0.9930296150173356)]",LP.8.1.1 LP.8.1.12,0.99062872 0.00240089,21.571071210085123,99.83279269638498,LP.8.1.1,0.99062872
UT-UPHL-250418070646,"[('LP.8.1* (LP.8.1.X)', 0.9899857937320985)]",LP.8.1 LP.8.1.12,0.98569720 0.00428859,21.188611195759176,99.91974049426479,LP.8.1,0.9856972
UT-UPHL-250418078009,"[('Omicron', 0.9981241334839023)]",XEQ,0.99812413,20.63493860367285,99.86289001103569,XEQ,0.99812413
UT-UPHL-250418143629,"[('KP.3.1.1* (KP.3.1.1.X)', 0.9963239821264956)]",PA.1.4,0.99632398,18.692352697123923,99.86289001103569,PA.1.4,0.99632398
UT-UPHL-250418175235,"[('LP.8.1* (LP.8.1.X)', 0.9929089758228704)]",LP.8.1 LP.8.1.12 LP.8.1.3,0.98899918 0.00241892 0.00149088,17.621030157018133,99.89298732568639,LP.8.1,0.98899918
UT-UPHL-250418175387,"[('LP.8.1* (LP.8.1.X)', 0.9931460105208447)]",LP.8.1.1 NY.14 NY.13.3 NY.4,0.98884399 0.00212330 0.00111319 0.00106553,23.820554099309064,99.86289001103569,LP.8.1.1,0.98884399
UT-UPHL-250418190913,"[('XEC* (XEC.X)', 0.9907323623008235)]",XEC.8 XEC.28 XEC.15 XEC.18,0.98723016 0.00128539 0.00118132 0.00103549,17.85256201881122,99.83279269638498,XEC.8,0.98723016
UT-UPHL-250418232686,"[('LP.8.1* (LP.8.1.X)', 0.999285707391312)]",LP.8.1.1 NY.4,0.99609084 0.00319487,24.887869787105032,99.65889710062535,LP.8.1.1,0.99609084
UT-UPHL-250418257080,"[('XEC* (XEC.X)', 0.9988221207436769)]",XEC.11.1 XEC.11.1.1,0.99774460 0.00107752,18.208070175983057,99.83279269638498,XEC.11.1,0.9977446
UT-UPHL-250418259595,"[('LP.8.1* (LP.8.1.X)', 0.9921899188239324)]",NY.13 NY.13.3,0.99114528 0.00104464,18.943513573046246,99.86289001103569,NY.13,0.99114528
UT-UPHL-250418280840,"[('LP.8.1* (LP.8.1.X)', 0.9999997385345553)]",PF.2.1,0.99999974,16.10896908926148,98.60549108785072,PF.2.1,0.99999974
UT-UPHL-250418335421,"[('LP.8.1* (LP.8.1.X)', 0.9933776294051807)]",NY.13 PR.2 NY.13.3,0.98853980 0.00363105 0.00120678,15.684189144441229,99.83948098852957,NY.13,0.9885398
UT-UPHL-250418343523,"[('LP.8.1* (LP.8.1.X)', 0.9967499437577715)]",LP.8.1.1 NY.13.3 LP.8.1.12,0.98882416 0.00503144 0.00289435,17.35666184677332,99.82944855031268,LP.8.1.1,0.98882416
UT-UPHL-250418355854,"[('KP.3.1.1* (KP.3.1.1.X)', 0.9984722589086082)]",PA.1.4,0.99847226,17.659669939609067,99.57194930274554,PA.1.4,0.99847226
UT-UPHL-250418366557,"[('BA.2.86* (BA.2.86.X)', 0.9959547156564739)]",PV.3 LF.7.1.8,0.99398558 0.00196913,20.34839143934134,99.89967562,PV.3,0.99398558
UT-UPHL-250418375951,"[('XEC* (XEC.X)', 0.9958026958809573)]",XEC.8,0.9958027,18.765136550693775,99.76925392101127,XEC.8,0.9958027
UT-UPHL-250418386383,"[('KP.3.1.1* (KP.3.1.1.X)', 0.9960061819289143)]",PA.3,0.99600618,19.067728824175504,99.86957830318028,PA.3,0.99600618
UT-UPHL-250418392879,"[('BA.2.86* (BA.2.86.X)', 0.9993740186027673)]",PC.2.1.1,0.99937402,20.03188246199665,99.83279269638498,PC.2.1.1,0.99937402
UT-UPHL-250418404202,"[('LP.8.1* (LP.8.1.X)', 0.994447967645423)]",NY.13 PR.2,0.99295170 0.00149627,15.205799876822413,99.83279269638498,NY.13,0.9929517
UT-UPHL-250418404396,"[('XEC* (XEC.X)', 0.998635759472311)]",XEC.2.2.1,0.99863576,15.045721282252611,99.57194930274554,XEC.2.2.1,0.99863576
UT-UPHL-250418408453,"[('XEC* (XEC.X)', 0.9916471577752162)]",XEC.8 XEC.15 XEC.25 XEC.29,0.98224398 0.00574240 0.00220188 0.00145889,18.784310002721618,99.83279269638498,XEC.8,0.98224398
UT-UPHL-250418409126,"[('XEC* (XEC.X)', 0.999627345673794)]",XEC.4.6.1,0.99962735,13.318461749939479,99.57194930274554,XEC.4.6.1,0.99962735
UT-UPHL-250418454975,"[('XEC* (XEC.X)', 0.9982547373588785)]",XEC.11.1,0.99825474,12.689685394009445,99.75253319064977,XEC.11.1,0.99825474
UT-UPHL-250418464275,"[('LP.8.1* (LP.8.1.X)', 0.9971572122966483)]",LP.8.1.1 LP.8.1.12,0.99346720 0.00369001,19.637500686888874,99.74918904457746,LP.8.1.1,0.9934672
UT-UPHL-250418516916,"[('XEC* (XEC.X)', 0.9944968730609088)]",XEC.20 XEC.14.1 XEC.3 XEC.15 XEC.38 XEC.7,0.94061853 0.04347594 0.00637964 0.00161710 0.00121933 0.00118634,19.854831959326717,99.82276025816807,XEC.20,0.94061853
UT-UPHL-250418518456,"[('LP.8.1* (LP.8.1.X)', 0.99079509383866)]",LP.8.1.1,0.99079509,17.078716000671903,99.83279269638498,LP.8.1.1,0.99079509
UT-UPHL-250418541394,"[('XEC* (XEC.X)', 0.9936903831514909)]",XEC.8 XEC.15,0.99099932 0.00269107,18.461622409121226,99.76590977493898,XEC.8,0.99099932
UT-UPHL-250418543194,"[('LP.8.1* (LP.8.1.X)', 0.9928165280363144)]",LP.8.1.1 LP.8.1.12,0.99148884 0.00132769,20.691770219762724,99.83279269638498,LP.8.1.1,0.99148884
UT-UPHL-250418544132,"[('LP.8.1* (LP.8.1.X)', 0.9986250892114259)]",PF.2.1,0.99862509,17.286992374042303,99.84951342674648,PF.2.1,0.99862509
UT-UPHL-250418563842,"[('LP.8.1* (LP.8.1.X)', 0.9964583191624574)]",LP.8.1.10,0.99645832,18.296504713902152,99.85620171889109,LP.8.1.10,0.99645832
UT-UPHL-250418595714,"[('KP.3.1.1* (KP.3.1.1.X)', 0.9969021309373497)]",MC.28.1.1,0.99690213,17.171114631354186,99.86957830318028,MC.28.1.1,0.99690213
UT-UPHL-250418607310,"[('XEC* (XEC.X)', 0.9975891163839685)]",XEC.8 XEC.6 XEC XEC.36 XEC.27 XEC.32 XEC.18.3 XEC.12,0.97192126 0.00787406 0.00664802 0.00297622 0.00265927 0.00212316 0.00188111 0.00150602,12.781470880311012,99.53181954987794,XEC.8,0.97192126
UT-UPHL-250418626416,"[('XEC* (XEC.X)', 0.9968685319984415)]",XEC.11.1,0.99686853,15.841240177821753,99.83279269638498,XEC.11.1,0.99686853
UT-UPHL-250418629957,"[('XEC* (XEC.X)', 0.9904837946338301)]",XEC.20 XEC.25 XEC.15 XEC.5.1,0.98146580 0.00488820 0.00307219 0.00105761,15.972556875065425,99.83613684245728,XEC.20,0.9814658
UT-UPHL-250418639061,"[('LP.8.1* (LP.8.1.X)', 0.9909022796990069)]",LP.8.1.1 NY.13.3,0.98935191 0.00155037,21.51397823525295,99.91639634819249,LP.8.1.1,0.98935191
UT-UPHL-250418662657,"[('XEC* (XEC.X)', 0.9989739444466669)]",XEC.9,0.99897394,14.815881175551073,99.83279269638498,XEC.9,0.99897394
UT-UPHL-250418670837,"[('LP.8.1* (LP.8.1.X)', 0.994301274376993)]",LP.8.1.1,0.99430127,18.37078511,99.83279269638498,LP.8.1.1,0.99430127
UT-UPHL-250418751790,"[('KP.3* (KP.3.X)', 0.9999994728815756)]",KP.3.5,0.99999947,19.328541230356212,98.60214694177841,KP.3.5,0.99999947
UT-UPHL-250418795673,"[('Omicron', 0.9990058589189112)]",XEQ,0.99900586,17.213322734959803,99.70237099956526,XEQ,0.99900586
UT-UPHL-250418801960,"[('Omicron', 0.9972173495498959)]",XFC,0.99721735,16.383836883454176,99.90970805604789,XFC,0.99721735
UT-UPHL-250418830725,"[('LP.8.1* (LP.8.1.X)', 0.9929176927151566)]",LP.8.1.1 LP.8.1.12 NY.2,0.98934654 0.00197498 0.00159617,17.18451684827156,99.93311707855399,LP.8.1.1,0.98934654
UT-UPHL-250418842351,"[('LP.8.1* (LP.8.1.X)', 0.9973718316939295), ('BA.2.86* (BA.2.86.X)', 0.0026237163417531)]",LP.8.1 LP.8.1.12 NY.9 LB.1.11.1,0.91047361 0.08139523 0.00550299 0.00262372,14.31121793277022,98.59880279570612,LP.8.1,0.91047361
UT-UPHL-250418882521,"[('XEC* (XEC.X)', 0.9985111081950613)]",XEC.11.1,0.99851111,18.224061820295727,99.83279269638498,XEC.11.1,0.99851111
UT-UPHL-250418900488,"[('KP.3.1.1* (KP.3.1.1.X)', 0.9985484728844756)]",PA.1.4 MC.10.1.3,0.99290793 0.00564054,18.177655584313126,99.78931879744508,PA.1.4,0.99290793
UT-UPHL-250418934524,"[('LP.8.1* (LP.8.1.X)', 0.9950632652580893)]",LP.8.1.3,0.99506327,22.818320226577505,99.91639634819249,LP.8.1.3,0.99506327
UT-UPHL-250418958243,"[('LP.8.1* (LP.8.1.X)', 0.9939091009030055)]",LP.8.1 LP.8.1.12,0.99122731 0.00268179,18.470487152642335,99.81941611209578,LP.8.1,0.99122731
UT-UPHL-250418997343,"[('LP.8.1* (LP.8.1.X)', 0.9936492331624973)]",LP.8.1.1 NY.6 LP.8.1.16 NY.13.3 LP.8.1.12,0.53092460 0.45798181 0.00197596 0.00143100 0.00133585,15.785578973612807,99.83279269638498,LP.8.1.1,0.5309246
UT-UPHL-250328169790,"[('LP.8.1* (LP.8.1.X)', 0.9984619229071172), ('BA.2.86* (BA.2.86.X)', 0.0014540919758068587)]",NY.17 LP.8.1.11 NK.1,0.99447263 0.00398930 0.00145409,12.252404518673867,93.23479249573622,NY.17,0.99447263
UT-UPHL-250328260822,"[('LP.8.1* (LP.8.1.X)', 0.9977650010331582), ('BA.2.86* (BA.2.86.X)', 0.001430280016684902)]",LP.8.1 LP.8.1.4 NY.9 NK.1 NY.19,0.99256615 0.00202796 0.00185842 0.00143028 0.00131247,14.642067422463114,99.49837808915494,LP.8.1,0.99256615
UT-UPHL-250411143606,"[('LP.8.1* (LP.8.1.X)', 0.9991446954815016)]",LP.8.1.1,0.9991447,13.047192620880294,95.4419289,LP.8.1.1,0.9991447
UT-UPHL-250418640084,"[('LP.8.1* (LP.8.1.X)', 0.999998949052882)]",LP.8.1.1 LP.8.1.8 NY.14,0.99500414 0.00253798 0.00245682,12.696607900569038,99.52847540380564,LP.8.1.1,0.99500414
UT-UPHL-250418000807,"[('LP.8.1* (LP.8.1.X)', 0.9992054353004219)]",PF.2.1,0.99920544,12.974283590098384,99.60539076346855,PF.2.1,0.99920544
UT-UPHL-250418610486,"[('BA.2.86* (BA.2.86.X)', 0.9990408973051501)]",NL.9 LB.1.9,0.99803493 0.00100597,16.87647817398732,99.52847540380564,NL.9,0.99803493
UT-UPHL-250418838622,"[('XEC* (XEC.X)', 0.9983612582831741)]",XEC.31 XEC.39,0.99505000 0.00331126,14.764243317795415,99.52847540380564,XEC.31,0.99505
UT-UPHL-250418151418,"[('XEC* (XEC.X)', 0.9999998952043105)]",XEC.11.1,0.9999999,15.450865088420503,99.57194930274554,XEC.11.1,0.9999999